name,label
apple/00000007.jpg,apple
apple/00000006.jpg,apple
apple/00000000.jpg,apple
apple/00000004.jpg,apple
apple/00000003.jpg,apple
apple/00000005.jpg,apple
apple/00000002.jpg,apple
apple/00000001.jpg,apple
apple/00000013.jpg,apple
apple/00000010.jpg,apple
apple/00000009.jpg,apple
apple/00000011.jpg,apple
apple/00000012.jpg,apple
apple/00000015.jpg,apple
apple/00000014.jpg,apple
apple/00000008.jpg,apple
apple/00000016.jpg,apple
apple/00000017.jpg,apple
apple/00000018.jpg,apple
apple/00000019.jpg,apple
apple/00000020.jpg,apple
apple/00000021.jpg,apple
apple/00000022.jpg,apple
apple/00000024.jpg,apple
apple/00000023.jpg,apple
apple/00000025.jpg,apple
apple/00000026.jpg,apple
apple/00000027.jpg,apple
apple/00000028.jpg,apple
apple/00000029.jpg,apple
apple/00000032.jpg,apple
apple/00000031.jpg,apple
apple/00000030.jpg,apple
apple/00000034.jpg,apple
apple/00000033.jpg,apple
apple/00000035.jpg,apple
apple/00000038.jpg,apple
apple/00000037.jpg,apple
apple/00000036.jpg,apple
apple/00000040.jpg,apple
apple/00000041.jpg,apple
apple/00000042.jpg,apple
apple/00000043.jpg,apple
apple/00000045.jpg,apple
apple/00000039.jpg,apple
apple/00000044.jpg,apple
apple/00000046.jpg,apple
apple/00000047.jpg,apple
apple/00000051.jpg,apple
apple/00000050.jpg,apple
apple/00000052.jpg,apple
apple/00000048.jpg,apple
apple/00000049.jpg,apple
apple/00000054.jpg,apple
apple/00000053.jpg,apple
apple/00000055.jpg,apple
apple/00000056.jpg,apple
apple/00000058.jpg,apple
apple/00000057.jpg,apple
apple/00000061.jpg,apple
apple/00000060.jpg,apple
apple/00000059.jpg,apple
apple/00000062.jpg,apple
apple/00000064.jpg,apple
apple/00000066.jpg,apple
apple/00000063.jpg,apple
apple/00000065.jpg,apple
apple/00000067.jpg,apple
apple/00000068.jpg,apple
apple/00000069.jpg,apple
apple/00000070.jpg,apple
apple/00000071.jpg,apple
apple/00000072.jpg,apple
apple/00000073.jpg,apple
apple/00000074.jpg,apple
apple/00000076.jpg,apple
apple/00000075.jpg,apple
apple/00000078.jpg,apple
apple/00000077.jpg,apple
apple/00000081.jpg,apple
apple/00000085.jpg,apple
apple/00000084.jpg,apple
apple/00000082.jpg,apple
apple/00000079.jpg,apple
apple/00000080.jpg,apple
apple/00000086.jpg,apple
apple/00000083.jpg,apple
apple/00000087.jpg,apple
apple/00000088.jpg,apple
apple/00000090.jpg,apple
apple/00000089.jpg,apple
apple/00000091.jpg,apple
apple/00000095.jpg,apple
apple/00000092.jpg,apple
apple/00000093.jpg,apple
apple/00000096.jpg,apple
apple/00000094.jpg,apple
apple/00000097.jpg,apple
apple/00000098.jpg,apple
apple/00000099.jpg,apple
apple/00000100.jpg,apple
apple/00000102.jpg,apple
apple/00000101.jpg,apple
apple/00000104.jpg,apple
apple/00000103.jpg,apple
apple/00000105.jpg,apple
apple/00000106.jpg,apple
apple/00000107.jpg,apple
apple/00000108.jpg,apple
apple/00000110.jpg,apple
apple/00000109.jpg,apple
apple/00000111.jpg,apple
apple/00000114.jpg,apple
apple/00000113.jpg,apple
apple/00000112.jpg,apple
apple/00000115.jpg,apple
apple/00000116.jpg,apple
apple/00000117.jpg,apple
apple/00000118.jpg,apple
apple/00000125.jpg,apple
apple/00000126.jpg,apple
apple/00000119.jpg,apple
apple/00000123.jpg,apple
apple/00000122.jpg,apple
apple/00000121.jpg,apple
apple/00000124.jpg,apple
apple/00000120.jpg,apple
apple/00000129.jpg,apple
apple/00000127.jpg,apple
apple/00000130.jpg,apple
apple/00000128.jpg,apple
apple/00000134.jpg,apple
apple/00000132.jpg,apple
apple/00000133.jpg,apple
apple/00000131.jpg,apple
apple/00000135.jpg,apple
apple/00000136.jpg,apple
apple/00000138.jpg,apple
apple/00000139.jpg,apple
apple/00000140.jpg,apple
apple/00000137.jpg,apple
apple/00000143.jpg,apple
apple/00000142.jpg,apple
apple/00000141.jpg,apple
apple/00000147.jpg,apple
apple/00000148.jpg,apple
apple/00000146.jpg,apple
apple/00000145.jpg,apple
apple/00000144.jpg,apple
apple/00000150.jpg,apple
apple/00000149.jpg,apple
apple/00000152.jpg,apple
apple/00000153.jpg,apple
apple/00000151.jpg,apple
apple/00000154.jpg,apple
apple/00000155.jpg,apple
apple/00000157.jpg,apple
apple/00000156.jpg,apple
apple/00000158.jpg,apple
apple/00000159.jpg,apple
apple/00000160.jpg,apple
apple/00000162.jpg,apple
apple/00000163.jpg,apple
apple/00000164.jpg,apple
apple/00000166.jpg,apple
apple/00000161.jpg,apple
apple/00000165.jpg,apple
apple/00000167.jpg,apple
apple/00000168.jpg,apple
apple/00000169.jpg,apple
apple/00000170.jpg,apple
apple/00000172.jpg,apple
apple/00000171.jpg,apple
apple/00000175.jpg,apple
apple/00000174.jpg,apple
apple/00000173.jpg,apple
apple/00000176.jpg,apple
apple/00000177.jpg,apple
apple/00000178.jpg,apple
apple/00000179.jpg,apple
apple/00000181.jpg,apple
apple/00000183.jpg,apple
apple/00000184.jpg,apple
apple/00000182.jpg,apple
apple/00000180.jpg,apple
apple/00000185.jpg,apple
apple/00000186.jpg,apple
apple/00000187.jpg,apple
apple/00000189.jpg,apple
apple/00000188.jpg,apple
apple/00000192.jpg,apple
apple/00000194.jpg,apple
apple/00000190.jpg,apple
apple/00000195.jpg,apple
apple/00000193.jpg,apple
apple/00000191.jpg,apple
apple/00000197.jpg,apple
apple/00000196.jpg,apple
apple/00000198.jpg,apple
apple/00000200.jpg,apple
apple/00000199.jpg,apple
apple/00000202.jpg,apple
apple/00000204.jpg,apple
apple/00000205.jpg,apple
apple/00000203.jpg,apple
apple/00000201.jpg,apple
apple/00000206.jpg,apple
apple/00000207.jpg,apple
apple/00000208.jpg,apple
apple/00000209.jpg,apple
apple/00000211.jpg,apple
apple/00000212.jpg,apple
apple/00000213.jpg,apple
apple/00000214.jpg,apple
apple/00000210.jpg,apple
apple/00000217.jpg,apple
apple/00000215.jpg,apple
apple/00000216.jpg,apple
apple/00000218.jpg,apple
apple/00000224.jpg,apple
apple/00000225.jpg,apple
apple/00000219.jpg,apple
apple/00000223.jpg,apple
apple/00000220.jpg,apple
apple/00000222.jpg,apple
apple/00000221.jpg,apple
apple/00000226.jpg,apple
apple/00000227.jpg,apple
apple/00000229.jpg,apple
apple/00000228.jpg,apple
apple/00000232.jpg,apple
apple/00000235.jpg,apple
apple/00000234.jpg,apple
apple/00000231.jpg,apple
apple/00000230.jpg,apple
apple/00000233.jpg,apple
apple/00000237.jpg,apple
apple/00000236.jpg,apple
apple/00000238.jpg,apple
apple/00000243.jpg,apple
apple/00000239.jpg,apple
apple/00000245.jpg,apple
apple/00000241.jpg,apple
apple/00000240.jpg,apple
apple/00000247.jpg,apple
apple/00000244.jpg,apple
apple/00000242.jpg,apple
apple/00000246.jpg,apple
apple/00000248.jpg,apple
apple/00000250.jpg,apple
apple/00000251.jpg,apple
apple/00000249.jpg,apple
apple/00000252.jpg,apple
apple/00000253.jpg,apple
apple/00000254.jpg,apple
apple/00000260.jpg,apple
apple/00000255.jpg,apple
apple/00000256.jpg,apple
apple/00000259.jpg,apple
apple/00000257.jpg,apple
apple/00000261.jpg,apple
apple/00000258.jpg,apple
apple/00000262.jpg,apple
apple/00000263.jpg,apple
apple/00000264.jpg,apple
apple/00000265.jpg,apple
apple/00000266.jpg,apple
apple/00000268.jpg,apple
apple/00000267.jpg,apple
apple/00000269.jpg,apple
apple/00000270.jpg,apple
apple/00000271.jpg,apple
apple/00000272.jpg,apple
apple/00000273.jpg,apple
apple/00000276.jpg,apple
apple/00000275.jpg,apple
apple/00000274.jpg,apple
apple/00000280.jpg,apple
apple/00000279.jpg,apple
apple/00000281.jpg,apple
apple/00000277.jpg,apple
apple/00000278.jpg,apple
apple/00000283.jpg,apple
apple/00000282.jpg,apple
apple/00000284.jpg,apple
apple/00000286.jpg,apple
apple/00000287.jpg,apple
apple/00000285.jpg,apple
apple/00000288.jpg,apple
apple/00000289.jpg,apple
apple/00000290.jpg,apple
apple/00000292.jpg,apple
apple/00000291.jpg,apple
apple/00000294.jpg,apple
apple/00000293.jpg,apple
apple/00000296.jpg,apple
apple/00000295.jpg,apple
apple/00000297.jpg,apple
apple/00000299.jpg,apple
apple/00000298.jpg,apple
apple/00000300.jpg,apple
apple/00000302.jpg,apple
apple/00000303.jpg,apple
apple/00000301.jpg,apple
apple/00000304.jpg,apple
apple/00000306.jpg,apple
apple/00000305.jpg,apple
apple/00000307.jpg,apple
apple/00000309.jpg,apple
apple/00000308.jpg,apple
apple/00000313.jpg,apple
apple/00000311.jpg,apple
apple/00000316.jpg,apple
apple/00000310.jpg,apple
apple/00000312.jpg,apple
apple/00000315.jpg,apple
apple/00000314.jpg,apple
apple/00000318.jpg,apple
apple/00000322.jpg,apple
apple/00000324.jpg,apple
apple/00000319.jpg,apple
apple/00000321.jpg,apple
apple/00000320.jpg,apple
apple/00000325.jpg,apple
apple/00000326.jpg,apple
apple/00000327.jpg,apple
apple/00000330.jpg,apple
apple/00000334.jpg,apple
apple/00000332.jpg,apple
apple/00000333.jpg,apple
apple/00000331.jpg,apple
apple/00000336.jpg,apple
apple/00000337.jpg,apple
apple/00000340.jpg,apple
apple/00000338.jpg,apple
apple/00000341.jpg,apple
apple/00000343.jpg,apple
apple/00000346.jpg,apple
apple/00000353.jpg,apple
apple/00000348.jpg,apple
apple/00000351.jpg,apple
apple/00000349.jpg,apple
apple/00000354.jpg,apple
apple/00000355.jpg,apple
apple/00000356.jpg,apple
apple/00000357.jpg,apple
apple/00000359.jpg,apple
apple/00000358.jpg,apple
apple/00000360.jpg,apple
apple/00000364.jpg,apple
apple/00000361.jpg,apple
apple/00000363.jpg,apple
apple/00000362.jpg,apple
apple/00000365.jpg,apple
apple/00000367.jpg,apple
apple/00000370.jpg,apple
apple/00000369.jpg,apple
apple/00000368.jpg,apple
apple/00000372.jpg,apple
apple/00000374.jpg,apple
apple/00000376.jpg,apple
apple/00000377.jpg,apple
apple/00000380.jpg,apple
apple/00000378.jpg,apple
apple/00000379.jpg,apple
apple/00000383.jpg,apple
apple/00000382.jpg,apple
apple/00000381.jpg,apple
apple/00000386.jpg,apple
apple/00000385.jpg,apple
apple/00000387.jpg,apple
apple/00000384.jpg,apple
apple/00000388.jpg,apple
apple/00000390.jpg,apple
apple/00000389.jpg,apple
apple/00000391.jpg,apple
apple/00000394.jpg,apple
apple/00000392.jpg,apple
apple/00000393.jpg,apple
apple/00000395.jpg,apple
apple/00000396.jpg,apple
apple/00000397.jpg,apple
apple/00000398.jpg,apple
apple/00000399.jpg,apple
apple/00000401.jpg,apple
apple/00000402.jpg,apple
apple/00000404.jpg,apple
apple/00000405.jpg,apple
apple/00000406.jpg,apple
apple/00000408.jpg,apple
apple/00000410.jpg,apple
apple/00000409.jpg,apple
apple/00000411.jpg,apple
apple/00000412.jpg,apple
apple/00000414.jpg,apple
apple/00000415.jpg,apple
apple/00000413.jpg,apple
apple/00000417.jpg,apple
apple/00000416.jpg,apple
apple/00000420.jpg,apple
apple/00000418.jpg,apple
apple/00000419.jpg,apple
apple/00000421.jpg,apple
apple/00000422.jpg,apple
apple/00000424.jpg,apple
apple/00000423.jpg,apple
apple/00000426.jpg,apple
apple/00000427.jpg,apple
apple/00000428.jpg,apple
apple/00000429.jpg,apple
apple/00000432.jpg,apple
apple/00000431.jpg,apple
apple/00000403.jpg,apple
apple/00000435.jpg,apple
apple/00000437.jpg,apple
apple/00000438.jpg,apple
apple/00000441.jpg,apple
apple/00000444.jpg,apple
apple/00000443.jpg,apple
apple/00000445.jpg,apple
apple/00000449.jpg,apple
apple/00000446.jpg,apple
apple/00000447.jpg,apple
apple/00000450.jpg,apple
apple/00000448.jpg,apple
apple/00000452.jpg,apple
apple/00000451.jpg,apple
apple/00000454.jpg,apple
apple/00000455.jpg,apple
apple/00000456.jpg,apple
apple/00000458.jpg,apple
apple/00000460.jpg,apple
apple/00000459.jpg,apple
apple/00000462.jpg,apple
apple/00000463.jpg,apple
apple/00000461.jpg,apple
apple/00000464.jpg,apple
apple/00000465.jpg,apple
apple/00000467.jpg,apple
apple/00000468.jpg,apple
apple/00000469.jpg,apple
apple/00000472.jpg,apple
apple/00000474.jpg,apple
apple/00000475.jpg,apple
apple/00000480.jpg,apple
apple/00000478.jpg,apple
apple/00000476.jpg,apple
apple/00000477.jpg,apple
apple/00000481.jpg,apple
apple/00000482.jpg,apple
apple/00000483.jpg,apple
apple/00000485.jpg,apple
apple/00000484.jpg,apple
apple/00000486.jpg,apple
apple/00000487.jpg,apple
apple/00000488.jpg,apple
apple/00000489.jpg,apple
apple/00000490.jpg,apple
apple/00000492.jpg,apple
apple/00000493.jpg,apple
apple/00000498.jpg,apple
apple/00000494.jpg,apple
apple/00000497.jpg,apple
apple/00000495.jpg,apple
apple/00000496.jpg,apple
apple/00000499.jpg,apple
pear/00000000.jpg,pear
pear/00000003.jpg,pear
pear/00000004.jpg,pear
pear/00000005.jpg,pear
pear/00000001.jpg,pear
pear/00000007.jpg,pear
pear/00000006.jpg,pear
pear/00000002.jpg,pear
pear/00000008.jpg,pear
pear/00000009.jpg,pear
pear/00000010.jpg,pear
pear/00000013.jpg,pear
pear/00000012.jpg,pear
pear/00000014.jpg,pear
pear/00000016.jpg,pear
pear/00000011.jpg,pear
pear/00000015.jpg,pear
pear/00000018.jpg,pear
pear/00000017.jpg,pear
pear/00000021.jpg,pear
pear/00000019.jpg,pear
pear/00000020.jpg,pear
pear/00000022.jpg,pear
pear/00000023.jpg,pear
pear/00000024.jpg,pear
pear/00000027.jpg,pear
pear/00000028.jpg,pear
pear/00000025.jpg,pear
pear/00000026.jpg,pear
pear/00000029.jpg,pear
pear/00000031.jpg,pear
pear/00000030.jpg,pear
pear/00000032.jpg,pear
pear/00000036.jpg,pear
pear/00000035.jpg,pear
pear/00000033.jpg,pear
pear/00000034.jpg,pear
pear/00000038.jpg,pear
pear/00000039.jpg,pear
pear/00000041.jpg,pear
pear/00000040.jpg,pear
pear/00000043.jpg,pear
pear/00000044.jpg,pear
pear/00000046.jpg,pear
pear/00000045.jpg,pear
pear/00000048.jpg,pear
pear/00000049.jpg,pear
pear/00000050.jpg,pear
pear/00000051.jpg,pear
pear/00000052.jpg,pear
pear/00000055.jpg,pear
pear/00000053.jpg,pear
pear/00000054.jpg,pear
pear/00000056.jpg,pear
pear/00000057.jpg,pear
pear/00000058.jpg,pear
pear/00000059.jpg,pear
pear/00000060.jpg,pear
pear/00000061.jpg,pear
pear/00000062.jpg,pear
pear/00000063.jpg,pear
pear/00000064.jpg,pear
pear/00000065.jpg,pear
pear/00000068.jpg,pear
pear/00000066.jpg,pear
pear/00000067.jpg,pear
pear/00000069.jpg,pear
pear/00000070.jpg,pear
pear/00000071.jpg,pear
pear/00000072.jpg,pear
pear/00000074.jpg,pear
pear/00000073.jpg,pear
pear/00000076.jpg,pear
pear/00000075.jpg,pear
pear/00000079.jpg,pear
pear/00000077.jpg,pear
pear/00000078.jpg,pear
pear/00000080.jpg,pear
pear/00000083.jpg,pear
pear/00000082.jpg,pear
pear/00000085.jpg,pear
pear/00000086.jpg,pear
pear/00000087.jpg,pear
pear/00000088.jpg,pear
pear/00000089.jpg,pear
pear/00000092.jpg,pear
pear/00000093.jpg,pear
pear/00000091.jpg,pear
pear/00000096.jpg,pear
pear/00000090.jpg,pear
pear/00000095.jpg,pear
pear/00000097.jpg,pear
pear/00000098.jpg,pear
pear/00000101.jpg,pear
pear/00000099.jpg,pear
pear/00000100.jpg,pear
pear/00000104.jpg,pear
pear/00000102.jpg,pear
pear/00000103.jpg,pear
pear/00000105.jpg,pear
pear/00000106.jpg,pear
pear/00000107.jpg,pear
pear/00000114.jpg,pear
pear/00000115.jpg,pear
pear/00000113.jpg,pear
pear/00000109.jpg,pear
pear/00000110.jpg,pear
pear/00000112.jpg,pear
pear/00000111.jpg,pear
pear/00000116.jpg,pear
pear/00000118.jpg,pear
pear/00000117.jpg,pear
pear/00000122.jpg,pear
pear/00000119.jpg,pear
pear/00000120.jpg,pear
pear/00000123.jpg,pear
pear/00000121.jpg,pear
pear/00000124.jpg,pear
pear/00000125.jpg,pear
pear/00000132.jpg,pear
pear/00000133.jpg,pear
pear/00000126.jpg,pear
pear/00000130.jpg,pear
pear/00000131.jpg,pear
pear/00000129.jpg,pear
pear/00000128.jpg,pear
pear/00000135.jpg,pear
pear/00000134.jpg,pear
pear/00000136.jpg,pear
pear/00000142.jpg,pear
pear/00000137.jpg,pear
pear/00000140.jpg,pear
pear/00000141.jpg,pear
pear/00000138.jpg,pear
pear/00000143.jpg,pear
pear/00000146.jpg,pear
pear/00000151.jpg,pear
pear/00000144.jpg,pear
pear/00000145.jpg,pear
pear/00000150.jpg,pear
pear/00000148.jpg,pear
pear/00000149.jpg,pear
pear/00000153.jpg,pear
pear/00000154.jpg,pear
pear/00000155.jpg,pear
pear/00000157.jpg,pear
pear/00000156.jpg,pear
pear/00000158.jpg,pear
pear/00000159.jpg,pear
pear/00000162.jpg,pear
pear/00000164.jpg,pear
pear/00000165.jpg,pear
pear/00000163.jpg,pear
pear/00000167.jpg,pear
pear/00000161.jpg,pear
pear/00000166.jpg,pear
pear/00000173.jpg,pear
pear/00000171.jpg,pear
pear/00000169.jpg,pear
pear/00000172.jpg,pear
pear/00000170.jpg,pear
pear/00000175.jpg,pear
pear/00000176.jpg,pear
pear/00000177.jpg,pear
pear/00000182.jpg,pear
pear/00000180.jpg,pear
pear/00000183.jpg,pear
pear/00000184.jpg,pear
pear/00000186.jpg,pear
pear/00000188.jpg,pear
pear/00000193.jpg,pear
pear/00000189.jpg,pear
pear/00000190.jpg,pear
pear/00000191.jpg,pear
pear/00000192.jpg,pear
pear/00000195.jpg,pear
pear/00000197.jpg,pear
pear/00000199.jpg,pear
pear/00000200.jpg,pear
pear/00000198.jpg,pear
pear/00000202.jpg,pear
pear/00000204.jpg,pear
pear/00000203.jpg,pear
pear/00000201.jpg,pear
pear/00000205.jpg,pear
pear/00000206.jpg,pear
pear/00000208.jpg,pear
pear/00000207.jpg,pear
pear/00000211.jpg,pear
pear/00000210.jpg,pear
pear/00000209.jpg,pear
pear/00000212.jpg,pear
pear/00000214.jpg,pear
pear/00000213.jpg,pear
pear/00000222.jpg,pear
pear/00000215.jpg,pear
pear/00000216.jpg,pear
pear/00000217.jpg,pear
pear/00000218.jpg,pear
pear/00000220.jpg,pear
pear/00000219.jpg,pear
pear/00000223.jpg,pear
pear/00000224.jpg,pear
pear/00000225.jpg,pear
pear/00000226.jpg,pear
pear/00000227.jpg,pear
pear/00000228.jpg,pear
pear/00000229.jpg,pear
pear/00000230.jpg,pear
pear/00000232.jpg,pear
pear/00000231.jpg,pear
pear/00000233.jpg,pear
pear/00000238.jpg,pear
pear/00000236.jpg,pear
pear/00000234.jpg,pear
pear/00000240.jpg,pear
pear/00000235.jpg,pear
pear/00000237.jpg,pear
pear/00000239.jpg,pear
pear/00000241.jpg,pear
pear/00000242.jpg,pear
pear/00000245.jpg,pear
pear/00000248.jpg,pear
pear/00000244.jpg,pear
pear/00000243.jpg,pear
pear/00000247.jpg,pear
pear/00000246.jpg,pear
pear/00000249.jpg,pear
pear/00000250.jpg,pear
pear/00000251.jpg,pear
pear/00000252.jpg,pear
pear/00000255.jpg,pear
pear/00000256.jpg,pear
pear/00000253.jpg,pear
pear/00000257.jpg,pear
pear/00000259.jpg,pear
pear/00000254.jpg,pear
pear/00000258.jpg,pear
pear/00000261.jpg,pear
pear/00000262.jpg,pear
pear/00000264.jpg,pear
pear/00000265.jpg,pear
pear/00000267.jpg,pear
pear/00000266.jpg,pear
pear/00000260.jpg,pear
pear/00000268.jpg,pear
pear/00000270.jpg,pear
pear/00000272.jpg,pear
pear/00000269.jpg,pear
pear/00000271.jpg,pear
pear/00000273.jpg,pear
pear/00000274.jpg,pear
pear/00000276.jpg,pear
pear/00000277.jpg,pear
pear/00000275.jpg,pear
pear/00000279.jpg,pear
pear/00000278.jpg,pear
pear/00000280.jpg,pear
pear/00000281.jpg,pear
pear/00000283.jpg,pear
pear/00000282.jpg,pear
pear/00000285.jpg,pear
pear/00000287.jpg,pear
pear/00000289.jpg,pear
pear/00000291.jpg,pear
pear/00000288.jpg,pear
pear/00000286.jpg,pear
pear/00000284.jpg,pear
pear/00000290.jpg,pear
pear/00000294.jpg,pear
pear/00000293.jpg,pear
pear/00000292.jpg,pear
pear/00000295.jpg,pear
pear/00000297.jpg,pear
pear/00000296.jpg,pear
pear/00000298.jpg,pear
pear/00000300.jpg,pear
pear/00000299.jpg,pear
pear/00000301.jpg,pear
pear/00000303.jpg,pear
pear/00000302.jpg,pear
pear/00000307.jpg,pear
pear/00000304.jpg,pear
pear/00000309.jpg,pear
pear/00000305.jpg,pear
pear/00000306.jpg,pear
pear/00000308.jpg,pear
pear/00000310.jpg,pear
pear/00000311.jpg,pear
pear/00000313.jpg,pear
pear/00000312.jpg,pear
pear/00000314.jpg,pear
pear/00000316.jpg,pear
pear/00000315.jpg,pear
pear/00000317.jpg,pear
pear/00000318.jpg,pear
pear/00000319.jpg,pear
pear/00000320.jpg,pear
pear/00000322.jpg,pear
pear/00000321.jpg,pear
pear/00000326.jpg,pear
pear/00000323.jpg,pear
pear/00000325.jpg,pear
pear/00000324.jpg,pear
pear/00000328.jpg,pear
pear/00000329.jpg,pear
pear/00000327.jpg,pear
pear/00000330.jpg,pear
pear/00000331.jpg,pear
pear/00000333.jpg,pear
pear/00000334.jpg,pear
pear/00000336.jpg,pear
pear/00000337.jpg,pear
pear/00000341.jpg,pear
pear/00000338.jpg,pear
pear/00000339.jpg,pear
pear/00000335.jpg,pear
pear/00000340.jpg,pear
pear/00000342.jpg,pear
pear/00000343.jpg,pear
pear/00000344.jpg,pear
pear/00000345.jpg,pear
pear/00000347.jpg,pear
pear/00000350.jpg,pear
pear/00000351.jpg,pear
pear/00000349.jpg,pear
pear/00000352.jpg,pear
pear/00000353.jpg,pear
pear/00000354.jpg,pear
pear/00000355.jpg,pear
pear/00000356.jpg,pear
pear/00000358.jpg,pear
pear/00000357.jpg,pear
pear/00000360.jpg,pear
pear/00000361.jpg,pear
pear/00000362.jpg,pear
pear/00000363.jpg,pear
pear/00000368.jpg,pear
pear/00000364.jpg,pear
pear/00000366.jpg,pear
pear/00000370.jpg,pear
pear/00000367.jpg,pear
pear/00000376.jpg,pear
pear/00000378.jpg,pear
pear/00000374.jpg,pear
pear/00000371.jpg,pear
pear/00000372.jpg,pear
pear/00000373.jpg,pear
pear/00000375.jpg,pear
pear/00000379.jpg,pear
pear/00000383.jpg,pear
pear/00000380.jpg,pear
pear/00000381.jpg,pear
pear/00000382.jpg,pear
pear/00000386.jpg,pear
pear/00000385.jpg,pear
pear/00000384.jpg,pear
pear/00000388.jpg,pear
pear/00000387.jpg,pear
pear/00000389.jpg,pear
pear/00000390.jpg,pear
pear/00000391.jpg,pear
pear/00000394.jpg,pear
pear/00000393.jpg,pear
pear/00000395.jpg,pear
pear/00000396.jpg,pear
pear/00000397.jpg,pear
pear/00000398.jpg,pear
pear/00000399.jpg,pear
pear/00000401.jpg,pear
pear/00000400.jpg,pear
pear/00000402.jpg,pear
pear/00000404.jpg,pear
pear/00000405.jpg,pear
pear/00000406.jpg,pear
pear/00000408.jpg,pear
pear/00000414.jpg,pear
pear/00000416.jpg,pear
pear/00000411.jpg,pear
pear/00000415.jpg,pear
pear/00000418.jpg,pear
pear/00000417.jpg,pear
pear/00000421.jpg,pear
pear/00000420.jpg,pear
pear/00000423.jpg,pear
pear/00000427.jpg,pear
pear/00000425.jpg,pear
pear/00000424.jpg,pear
pear/00000422.jpg,pear
pear/00000426.jpg,pear
pear/00000428.jpg,pear
pear/00000429.jpg,pear
pear/00000430.jpg,pear
pear/00000432.jpg,pear
pear/00000431.jpg,pear
pear/00000433.jpg,pear
pear/00000434.jpg,pear
pear/00000435.jpg,pear
pear/00000437.jpg,pear
pear/00000436.jpg,pear
pear/00000438.jpg,pear
pear/00000439.jpg,pear
pear/00000442.jpg,pear
pear/00000440.jpg,pear
pear/00000441.jpg,pear
pear/00000443.jpg,pear
pear/00000447.jpg,pear
pear/00000445.jpg,pear
pear/00000446.jpg,pear
pear/00000444.jpg,pear
pear/00000448.jpg,pear
pear/00000450.jpg,pear
pear/00000449.jpg,pear
pear/00000451.jpg,pear
pear/00000453.jpg,pear
pear/00000452.jpg,pear
pear/00000454.jpg,pear
pear/00000455.jpg,pear
pear/00000457.jpg,pear
pear/00000456.jpg,pear
pear/00000458.jpg,pear
pear/00000460.jpg,pear
pear/00000459.jpg,pear
pear/00000461.jpg,pear
pear/00000462.jpg,pear
pear/00000463.jpg,pear
pear/00000465.jpg,pear
pear/00000464.jpg,pear
pear/00000466.jpg,pear
pear/00000468.jpg,pear
pear/00000469.jpg,pear
pear/00000467.jpg,pear
pear/00000470.jpg,pear
pear/00000471.jpg,pear
pear/00000472.jpg,pear
pear/00000473.jpg,pear
pear/00000474.jpg,pear
pear/00000480.jpg,pear
pear/00000476.jpg,pear
pear/00000479.jpg,pear
pear/00000482.jpg,pear
pear/00000481.jpg,pear
pear/00000477.jpg,pear
pear/00000478.jpg,pear
pear/00000475.jpg,pear
pear/00000484.jpg,pear
pear/00000483.jpg,pear
pear/00000485.jpg,pear
pear/00000488.jpg,pear
pear/00000487.jpg,pear
pear/00000486.jpg,pear
pear/00000489.jpg,pear
pear/00000490.jpg,pear
pear/00000491.jpg,pear
pear/00000492.jpg,pear
pear/00000493.jpg,pear
pear/00000494.jpg,pear
pear/00000496.jpg,pear
pear/00000495.jpg,pear
pear/00000498.jpg,pear
pear/00000497.jpg,pear
pear/00000499.jpg,pear
mangoe/00000002.jpg,mangoe
mangoe/00000001.jpg,mangoe
mangoe/00000004.jpg,mangoe
mangoe/00000000.jpg,mangoe
mangoe/00000003.jpg,mangoe
mangoe/00000006.jpg,mangoe
mangoe/00000007.jpg,mangoe
mangoe/00000005.jpg,mangoe
mangoe/00000009.jpg,mangoe
mangoe/00000008.jpg,mangoe
mangoe/00000011.jpg,mangoe
mangoe/00000010.jpg,mangoe
mangoe/00000012.jpg,mangoe
mangoe/00000013.jpg,mangoe
mangoe/00000014.jpg,mangoe
mangoe/00000016.jpg,mangoe
mangoe/00000015.jpg,mangoe
mangoe/00000019.jpg,mangoe
mangoe/00000017.jpg,mangoe
mangoe/00000018.jpg,mangoe
mangoe/00000022.jpg,mangoe
mangoe/00000020.jpg,mangoe
mangoe/00000021.jpg,mangoe
mangoe/00000024.jpg,mangoe
mangoe/00000023.jpg,mangoe
mangoe/00000026.jpg,mangoe
mangoe/00000025.jpg,mangoe
mangoe/00000027.jpg,mangoe
mangoe/00000028.jpg,mangoe
mangoe/00000033.jpg,mangoe
mangoe/00000031.jpg,mangoe
mangoe/00000030.jpg,mangoe
mangoe/00000032.jpg,mangoe
mangoe/00000034.jpg,mangoe
mangoe/00000029.jpg,mangoe
mangoe/00000035.jpg,mangoe
mangoe/00000036.jpg,mangoe
mangoe/00000039.jpg,mangoe
mangoe/00000038.jpg,mangoe
mangoe/00000037.jpg,mangoe
mangoe/00000040.jpg,mangoe
mangoe/00000041.jpg,mangoe
mangoe/00000044.jpg,mangoe
mangoe/00000043.jpg,mangoe
mangoe/00000042.jpg,mangoe
mangoe/00000045.jpg,mangoe
mangoe/00000046.jpg,mangoe
mangoe/00000049.jpg,mangoe
mangoe/00000048.jpg,mangoe
mangoe/00000047.jpg,mangoe
mangoe/00000051.jpg,mangoe
mangoe/00000050.jpg,mangoe
mangoe/00000053.jpg,mangoe
mangoe/00000052.jpg,mangoe
mangoe/00000054.jpg,mangoe
mangoe/00000055.jpg,mangoe
mangoe/00000056.jpg,mangoe
mangoe/00000059.jpg,mangoe
mangoe/00000057.jpg,mangoe
mangoe/00000060.jpg,mangoe
mangoe/00000062.jpg,mangoe
mangoe/00000058.jpg,mangoe
mangoe/00000063.jpg,mangoe
mangoe/00000061.jpg,mangoe
mangoe/00000064.jpg,mangoe
mangoe/00000065.jpg,mangoe
mangoe/00000069.jpg,mangoe
mangoe/00000067.jpg,mangoe
mangoe/00000071.jpg,mangoe
mangoe/00000068.jpg,mangoe
mangoe/00000072.jpg,mangoe
mangoe/00000070.jpg,mangoe
mangoe/00000066.jpg,mangoe
mangoe/00000074.jpg,mangoe
mangoe/00000076.jpg,mangoe
mangoe/00000075.jpg,mangoe
mangoe/00000077.jpg,mangoe
mangoe/00000073.jpg,mangoe
mangoe/00000078.jpg,mangoe
mangoe/00000079.jpg,mangoe
mangoe/00000080.jpg,mangoe
mangoe/00000081.jpg,mangoe
mangoe/00000082.jpg,mangoe
mangoe/00000083.jpg,mangoe
mangoe/00000085.jpg,mangoe
mangoe/00000084.jpg,mangoe
mangoe/00000086.jpg,mangoe
mangoe/00000089.jpg,mangoe
mangoe/00000088.jpg,mangoe
mangoe/00000090.jpg,mangoe
mangoe/00000087.jpg,mangoe
mangoe/00000091.jpg,mangoe
mangoe/00000093.jpg,mangoe
mangoe/00000092.jpg,mangoe
mangoe/00000095.jpg,mangoe
mangoe/00000094.jpg,mangoe
mangoe/00000098.jpg,mangoe
mangoe/00000102.jpg,mangoe
mangoe/00000096.jpg,mangoe
mangoe/00000097.jpg,mangoe
mangoe/00000100.jpg,mangoe
mangoe/00000101.jpg,mangoe
mangoe/00000099.jpg,mangoe
mangoe/00000106.jpg,mangoe
mangoe/00000104.jpg,mangoe
mangoe/00000109.jpg,mangoe
mangoe/00000107.jpg,mangoe
mangoe/00000103.jpg,mangoe
mangoe/00000108.jpg,mangoe
mangoe/00000105.jpg,mangoe
mangoe/00000110.jpg,mangoe
mangoe/00000111.jpg,mangoe
mangoe/00000113.jpg,mangoe
mangoe/00000112.jpg,mangoe
mangoe/00000114.jpg,mangoe
mangoe/00000119.jpg,mangoe
mangoe/00000116.jpg,mangoe
mangoe/00000115.jpg,mangoe
mangoe/00000117.jpg,mangoe
mangoe/00000118.jpg,mangoe
mangoe/00000120.jpg,mangoe
mangoe/00000121.jpg,mangoe
mangoe/00000126.jpg,mangoe
mangoe/00000124.jpg,mangoe
mangoe/00000123.jpg,mangoe
mangoe/00000127.jpg,mangoe
mangoe/00000122.jpg,mangoe
mangoe/00000125.jpg,mangoe
mangoe/00000128.jpg,mangoe
mangoe/00000129.jpg,mangoe
mangoe/00000130.jpg,mangoe
mangoe/00000133.jpg,mangoe
mangoe/00000132.jpg,mangoe
mangoe/00000131.jpg,mangoe
mangoe/00000134.jpg,mangoe
mangoe/00000136.jpg,mangoe
mangoe/00000135.jpg,mangoe
mangoe/00000137.jpg,mangoe
mangoe/00000140.jpg,mangoe
mangoe/00000139.jpg,mangoe
mangoe/00000138.jpg,mangoe
mangoe/00000142.jpg,mangoe
mangoe/00000145.jpg,mangoe
mangoe/00000141.jpg,mangoe
mangoe/00000147.jpg,mangoe
mangoe/00000143.jpg,mangoe
mangoe/00000148.jpg,mangoe
mangoe/00000144.jpg,mangoe
mangoe/00000146.jpg,mangoe
mangoe/00000149.jpg,mangoe
mangoe/00000150.jpg,mangoe
mangoe/00000151.jpg,mangoe
mangoe/00000152.jpg,mangoe
mangoe/00000154.jpg,mangoe
mangoe/00000153.jpg,mangoe
mangoe/00000155.jpg,mangoe
mangoe/00000156.jpg,mangoe
mangoe/00000157.jpg,mangoe
mangoe/00000158.jpg,mangoe
mangoe/00000161.jpg,mangoe
mangoe/00000163.jpg,mangoe
mangoe/00000162.jpg,mangoe
mangoe/00000164.jpg,mangoe
mangoe/00000165.jpg,mangoe
mangoe/00000166.jpg,mangoe
mangoe/00000169.jpg,mangoe
mangoe/00000167.jpg,mangoe
mangoe/00000168.jpg,mangoe
mangoe/00000170.jpg,mangoe
mangoe/00000171.jpg,mangoe
mangoe/00000172.jpg,mangoe
mangoe/00000175.jpg,mangoe
mangoe/00000174.jpg,mangoe
mangoe/00000173.jpg,mangoe
mangoe/00000176.jpg,mangoe
mangoe/00000177.jpg,mangoe
mangoe/00000178.jpg,mangoe
mangoe/00000180.jpg,mangoe
mangoe/00000179.jpg,mangoe
mangoe/00000181.jpg,mangoe
mangoe/00000184.jpg,mangoe
mangoe/00000182.jpg,mangoe
mangoe/00000185.jpg,mangoe
mangoe/00000183.jpg,mangoe
mangoe/00000187.jpg,mangoe
mangoe/00000186.jpg,mangoe
mangoe/00000188.jpg,mangoe
mangoe/00000189.jpg,mangoe
mangoe/00000190.jpg,mangoe
mangoe/00000194.jpg,mangoe
mangoe/00000193.jpg,mangoe
mangoe/00000196.jpg,mangoe
mangoe/00000192.jpg,mangoe
mangoe/00000197.jpg,mangoe
mangoe/00000195.jpg,mangoe
mangoe/00000191.jpg,mangoe
mangoe/00000198.jpg,mangoe
mangoe/00000199.jpg,mangoe
mangoe/00000201.jpg,mangoe
mangoe/00000200.jpg,mangoe
mangoe/00000202.jpg,mangoe
mangoe/00000203.jpg,mangoe
mangoe/00000204.jpg,mangoe
mangoe/00000206.jpg,mangoe
mangoe/00000205.jpg,mangoe
mangoe/00000207.jpg,mangoe
mangoe/00000209.jpg,mangoe
mangoe/00000213.jpg,mangoe
mangoe/00000212.jpg,mangoe
mangoe/00000208.jpg,mangoe
mangoe/00000210.jpg,mangoe
mangoe/00000211.jpg,mangoe
mangoe/00000216.jpg,mangoe
mangoe/00000215.jpg,mangoe
mangoe/00000214.jpg,mangoe
mangoe/00000217.jpg,mangoe
mangoe/00000218.jpg,mangoe
mangoe/00000221.jpg,mangoe
mangoe/00000222.jpg,mangoe
mangoe/00000220.jpg,mangoe
mangoe/00000219.jpg,mangoe
mangoe/00000223.jpg,mangoe
mangoe/00000226.jpg,mangoe
mangoe/00000225.jpg,mangoe
mangoe/00000227.jpg,mangoe
mangoe/00000228.jpg,mangoe
mangoe/00000224.jpg,mangoe
mangoe/00000229.jpg,mangoe
mangoe/00000231.jpg,mangoe
mangoe/00000230.jpg,mangoe
mangoe/00000232.jpg,mangoe
mangoe/00000233.jpg,mangoe
mangoe/00000235.jpg,mangoe
mangoe/00000234.jpg,mangoe
mangoe/00000238.jpg,mangoe
mangoe/00000237.jpg,mangoe
mangoe/00000236.jpg,mangoe
mangoe/00000241.jpg,mangoe
mangoe/00000242.jpg,mangoe
mangoe/00000248.jpg,mangoe
mangoe/00000243.jpg,mangoe
mangoe/00000250.jpg,mangoe
mangoe/00000245.jpg,mangoe
mangoe/00000247.jpg,mangoe
mangoe/00000244.jpg,mangoe
mangoe/00000249.jpg,mangoe
mangoe/00000251.jpg,mangoe
mangoe/00000253.jpg,mangoe
mangoe/00000252.jpg,mangoe
mangoe/00000254.jpg,mangoe
mangoe/00000257.jpg,mangoe
mangoe/00000255.jpg,mangoe
mangoe/00000256.jpg,mangoe
mangoe/00000258.jpg,mangoe
mangoe/00000260.jpg,mangoe
mangoe/00000263.jpg,mangoe
mangoe/00000261.jpg,mangoe
mangoe/00000259.jpg,mangoe
mangoe/00000265.jpg,mangoe
mangoe/00000262.jpg,mangoe
mangoe/00000264.jpg,mangoe
mangoe/00000266.jpg,mangoe
mangoe/00000267.jpg,mangoe
mangoe/00000270.jpg,mangoe
mangoe/00000269.jpg,mangoe
mangoe/00000271.jpg,mangoe
mangoe/00000268.jpg,mangoe
mangoe/00000272.jpg,mangoe
mangoe/00000273.jpg,mangoe
mangoe/00000274.jpg,mangoe
mangoe/00000275.jpg,mangoe
mangoe/00000278.jpg,mangoe
mangoe/00000276.jpg,mangoe
mangoe/00000282.jpg,mangoe
mangoe/00000277.jpg,mangoe
mangoe/00000280.jpg,mangoe
mangoe/00000281.jpg,mangoe
mangoe/00000279.jpg,mangoe
mangoe/00000283.jpg,mangoe
mangoe/00000284.jpg,mangoe
mangoe/00000285.jpg,mangoe
mangoe/00000286.jpg,mangoe
mangoe/00000288.jpg,mangoe
mangoe/00000290.jpg,mangoe
mangoe/00000287.jpg,mangoe
mangoe/00000289.jpg,mangoe
mangoe/00000291.jpg,mangoe
mangoe/00000292.jpg,mangoe
mangoe/00000293.jpg,mangoe
mangoe/00000295.jpg,mangoe
mangoe/00000294.jpg,mangoe
mangoe/00000297.jpg,mangoe
mangoe/00000300.jpg,mangoe
mangoe/00000298.jpg,mangoe
mangoe/00000299.jpg,mangoe
mangoe/00000301.jpg,mangoe
mangoe/00000296.jpg,mangoe
mangoe/00000303.jpg,mangoe
mangoe/00000302.jpg,mangoe
mangoe/00000304.jpg,mangoe
mangoe/00000305.jpg,mangoe
mangoe/00000306.jpg,mangoe
mangoe/00000308.jpg,mangoe
mangoe/00000309.jpg,mangoe
mangoe/00000307.jpg,mangoe
mangoe/00000310.jpg,mangoe
mangoe/00000311.jpg,mangoe
mangoe/00000312.jpg,mangoe
mangoe/00000314.jpg,mangoe
mangoe/00000313.jpg,mangoe
mangoe/00000316.jpg,mangoe
mangoe/00000317.jpg,mangoe
mangoe/00000315.jpg,mangoe
mangoe/00000318.jpg,mangoe
mangoe/00000320.jpg,mangoe
mangoe/00000319.jpg,mangoe
mangoe/00000323.jpg,mangoe
mangoe/00000322.jpg,mangoe
mangoe/00000321.jpg,mangoe
mangoe/00000327.jpg,mangoe
mangoe/00000326.jpg,mangoe
mangoe/00000325.jpg,mangoe
mangoe/00000324.jpg,mangoe
mangoe/00000328.jpg,mangoe
mangoe/00000334.jpg,mangoe
mangoe/00000336.jpg,mangoe
mangoe/00000330.jpg,mangoe
mangoe/00000332.jpg,mangoe
mangoe/00000331.jpg,mangoe
mangoe/00000329.jpg,mangoe
mangoe/00000333.jpg,mangoe
mangoe/00000335.jpg,mangoe
mangoe/00000337.jpg,mangoe
mangoe/00000338.jpg,mangoe
mangoe/00000341.jpg,mangoe
mangoe/00000342.jpg,mangoe
mangoe/00000339.jpg,mangoe
mangoe/00000340.jpg,mangoe
mangoe/00000343.jpg,mangoe
mangoe/00000344.jpg,mangoe
mangoe/00000347.jpg,mangoe
mangoe/00000345.jpg,mangoe
mangoe/00000350.jpg,mangoe
mangoe/00000348.jpg,mangoe
mangoe/00000349.jpg,mangoe
mangoe/00000346.jpg,mangoe
mangoe/00000351.jpg,mangoe
mangoe/00000352.jpg,mangoe
mangoe/00000353.jpg,mangoe
mangoe/00000354.jpg,mangoe
mangoe/00000355.jpg,mangoe
mangoe/00000357.jpg,mangoe
mangoe/00000356.jpg,mangoe
mangoe/00000359.jpg,mangoe
mangoe/00000358.jpg,mangoe
mangoe/00000360.jpg,mangoe
mangoe/00000361.jpg,mangoe
mangoe/00000362.jpg,mangoe
mangoe/00000363.jpg,mangoe
mangoe/00000368.jpg,mangoe
mangoe/00000364.jpg,mangoe
mangoe/00000366.jpg,mangoe
mangoe/00000367.jpg,mangoe
mangoe/00000365.jpg,mangoe
mangoe/00000371.jpg,mangoe
mangoe/00000370.jpg,mangoe
mangoe/00000369.jpg,mangoe
mangoe/00000372.jpg,mangoe
mangoe/00000377.jpg,mangoe
mangoe/00000373.jpg,mangoe
mangoe/00000376.jpg,mangoe
mangoe/00000378.jpg,mangoe
mangoe/00000374.jpg,mangoe
mangoe/00000375.jpg,mangoe
mangoe/00000380.jpg,mangoe
mangoe/00000386.jpg,mangoe
mangoe/00000387.jpg,mangoe
mangoe/00000382.jpg,mangoe
mangoe/00000381.jpg,mangoe
mangoe/00000379.jpg,mangoe
mangoe/00000383.jpg,mangoe
mangoe/00000384.jpg,mangoe
mangoe/00000388.jpg,mangoe
mangoe/00000385.jpg,mangoe
mangoe/00000389.jpg,mangoe
mangoe/00000391.jpg,mangoe
mangoe/00000395.jpg,mangoe
mangoe/00000392.jpg,mangoe
mangoe/00000390.jpg,mangoe
mangoe/00000394.jpg,mangoe
mangoe/00000393.jpg,mangoe
mangoe/00000396.jpg,mangoe
mangoe/00000397.jpg,mangoe
mangoe/00000398.jpg,mangoe
mangoe/00000402.jpg,mangoe
mangoe/00000399.jpg,mangoe
mangoe/00000403.jpg,mangoe
mangoe/00000401.jpg,mangoe
mangoe/00000400.jpg,mangoe
mangoe/00000404.jpg,mangoe
mangoe/00000405.jpg,mangoe
mangoe/00000406.jpg,mangoe
mangoe/00000408.jpg,mangoe
mangoe/00000410.jpg,mangoe
mangoe/00000409.jpg,mangoe
mangoe/00000407.jpg,mangoe
mangoe/00000411.jpg,mangoe
mangoe/00000412.jpg,mangoe
mangoe/00000413.jpg,mangoe
mangoe/00000418.jpg,mangoe
mangoe/00000417.jpg,mangoe
mangoe/00000416.jpg,mangoe
mangoe/00000419.jpg,mangoe
mangoe/00000415.jpg,mangoe
mangoe/00000414.jpg,mangoe
mangoe/00000420.jpg,mangoe
mangoe/00000421.jpg,mangoe
mangoe/00000422.jpg,mangoe
mangoe/00000428.jpg,mangoe
mangoe/00000426.jpg,mangoe
mangoe/00000423.jpg,mangoe
mangoe/00000429.jpg,mangoe
mangoe/00000424.jpg,mangoe
mangoe/00000425.jpg,mangoe
mangoe/00000427.jpg,mangoe
mangoe/00000435.jpg,mangoe
mangoe/00000430.jpg,mangoe
mangoe/00000431.jpg,mangoe
mangoe/00000433.jpg,mangoe
mangoe/00000432.jpg,mangoe
mangoe/00000434.jpg,mangoe
mangoe/00000437.jpg,mangoe
mangoe/00000436.jpg,mangoe
mangoe/00000438.jpg,mangoe
mangoe/00000439.jpg,mangoe
mangoe/00000440.jpg,mangoe
mangoe/00000442.jpg,mangoe
mangoe/00000441.jpg,mangoe
mangoe/00000443.jpg,mangoe
mangoe/00000444.jpg,mangoe
mangoe/00000446.jpg,mangoe
mangoe/00000445.jpg,mangoe
mangoe/00000447.jpg,mangoe
mangoe/00000448.jpg,mangoe
mangoe/00000449.jpg,mangoe
mangoe/00000451.jpg,mangoe
mangoe/00000450.jpg,mangoe
mangoe/00000452.jpg,mangoe
mangoe/00000455.jpg,mangoe
mangoe/00000454.jpg,mangoe
mangoe/00000453.jpg,mangoe
mangoe/00000456.jpg,mangoe
mangoe/00000458.jpg,mangoe
mangoe/00000457.jpg,mangoe
mangoe/00000460.jpg,mangoe
mangoe/00000461.jpg,mangoe
mangoe/00000462.jpg,mangoe
mangoe/00000459.jpg,mangoe
mangoe/00000464.jpg,mangoe
mangoe/00000465.jpg,mangoe
mangoe/00000463.jpg,mangoe
mangoe/00000466.jpg,mangoe
mangoe/00000468.jpg,mangoe
mangoe/00000467.jpg,mangoe
mangoe/00000472.jpg,mangoe
mangoe/00000473.jpg,mangoe
mangoe/00000474.jpg,mangoe
mangoe/00000469.jpg,mangoe
mangoe/00000471.jpg,mangoe
mangoe/00000470.jpg,mangoe
mangoe/00000475.jpg,mangoe
mangoe/00000476.jpg,mangoe
mangoe/00000477.jpg,mangoe
mangoe/00000478.jpg,mangoe
mangoe/00000482.jpg,mangoe
mangoe/00000479.jpg,mangoe
mangoe/00000481.jpg,mangoe
mangoe/00000480.jpg,mangoe
mangoe/00000483.jpg,mangoe
mangoe/00000489.jpg,mangoe
mangoe/00000491.jpg,mangoe
mangoe/00000488.jpg,mangoe
mangoe/00000487.jpg,mangoe
mangoe/00000486.jpg,mangoe
mangoe/00000484.jpg,mangoe
mangoe/00000490.jpg,mangoe
mangoe/00000485.jpg,mangoe
mangoe/00000492.jpg,mangoe
mangoe/00000494.jpg,mangoe
mangoe/00000493.jpg,mangoe
mangoe/00000495.jpg,mangoe
mangoe/00000497.jpg,mangoe
mangoe/00000499.jpg,mangoe
mangoe/00000498.jpg,mangoe
mangoe/00000496.jpg,mangoe
lemon/00000001.jpg,lemon
lemon/00000000.jpg,lemon
lemon/00000008.jpg,lemon
lemon/00000002.jpg,lemon
lemon/00000006.jpg,lemon
lemon/00000005.jpg,lemon
lemon/00000007.jpg,lemon
lemon/00000004.jpg,lemon
lemon/00000003.jpg,lemon
lemon/00000009.jpg,lemon
lemon/00000010.jpg,lemon
lemon/00000012.jpg,lemon
lemon/00000011.jpg,lemon
lemon/00000013.jpg,lemon
lemon/00000016.jpg,lemon
lemon/00000015.jpg,lemon
lemon/00000014.jpg,lemon
lemon/00000018.jpg,lemon
lemon/00000017.jpg,lemon
lemon/00000019.jpg,lemon
lemon/00000021.jpg,lemon
lemon/00000020.jpg,lemon
lemon/00000022.jpg,lemon
lemon/00000023.jpg,lemon
lemon/00000024.jpg,lemon
lemon/00000026.jpg,lemon
lemon/00000025.jpg,lemon
lemon/00000027.jpg,lemon
lemon/00000030.jpg,lemon
lemon/00000028.jpg,lemon
lemon/00000029.jpg,lemon
lemon/00000032.jpg,lemon
lemon/00000031.jpg,lemon
lemon/00000033.jpg,lemon
lemon/00000034.jpg,lemon
lemon/00000035.jpg,lemon
lemon/00000037.jpg,lemon
lemon/00000036.jpg,lemon
lemon/00000041.jpg,lemon
lemon/00000039.jpg,lemon
lemon/00000038.jpg,lemon
lemon/00000042.jpg,lemon
lemon/00000040.jpg,lemon
lemon/00000043.jpg,lemon
lemon/00000044.jpg,lemon
lemon/00000045.jpg,lemon
lemon/00000052.jpg,lemon
lemon/00000049.jpg,lemon
lemon/00000053.jpg,lemon
lemon/00000047.jpg,lemon
lemon/00000050.jpg,lemon
lemon/00000046.jpg,lemon
lemon/00000048.jpg,lemon
lemon/00000051.jpg,lemon
lemon/00000055.jpg,lemon
lemon/00000054.jpg,lemon
lemon/00000057.jpg,lemon
lemon/00000056.jpg,lemon
lemon/00000058.jpg,lemon
lemon/00000059.jpg,lemon
lemon/00000060.jpg,lemon
lemon/00000061.jpg,lemon
lemon/00000062.jpg,lemon
lemon/00000063.jpg,lemon
lemon/00000064.jpg,lemon
lemon/00000065.jpg,lemon
lemon/00000069.jpg,lemon
lemon/00000068.jpg,lemon
lemon/00000070.jpg,lemon
lemon/00000066.jpg,lemon
lemon/00000073.jpg,lemon
lemon/00000067.jpg,lemon
lemon/00000072.jpg,lemon
lemon/00000071.jpg,lemon
lemon/00000077.jpg,lemon
lemon/00000075.jpg,lemon
lemon/00000074.jpg,lemon
lemon/00000076.jpg,lemon
lemon/00000078.jpg,lemon
lemon/00000079.jpg,lemon
lemon/00000081.jpg,lemon
lemon/00000080.jpg,lemon
lemon/00000082.jpg,lemon
lemon/00000083.jpg,lemon
lemon/00000085.jpg,lemon
lemon/00000084.jpg,lemon
lemon/00000086.jpg,lemon
lemon/00000087.jpg,lemon
lemon/00000088.jpg,lemon
lemon/00000089.jpg,lemon
lemon/00000090.jpg,lemon
lemon/00000091.jpg,lemon
lemon/00000092.jpg,lemon
lemon/00000093.jpg,lemon
lemon/00000094.jpg,lemon
lemon/00000095.jpg,lemon
lemon/00000096.jpg,lemon
lemon/00000097.jpg,lemon
lemon/00000099.jpg,lemon
lemon/00000100.jpg,lemon
lemon/00000098.jpg,lemon
lemon/00000101.jpg,lemon
lemon/00000102.jpg,lemon
lemon/00000103.jpg,lemon
lemon/00000105.jpg,lemon
lemon/00000104.jpg,lemon
lemon/00000106.jpg,lemon
lemon/00000109.jpg,lemon
lemon/00000108.jpg,lemon
lemon/00000107.jpg,lemon
lemon/00000111.jpg,lemon
lemon/00000110.jpg,lemon
lemon/00000112.jpg,lemon
lemon/00000113.jpg,lemon
lemon/00000114.jpg,lemon
lemon/00000116.jpg,lemon
lemon/00000115.jpg,lemon
lemon/00000119.jpg,lemon
lemon/00000118.jpg,lemon
lemon/00000121.jpg,lemon
lemon/00000122.jpg,lemon
lemon/00000117.jpg,lemon
lemon/00000120.jpg,lemon
lemon/00000123.jpg,lemon
lemon/00000124.jpg,lemon
lemon/00000125.jpg,lemon
lemon/00000126.jpg,lemon
lemon/00000127.jpg,lemon
lemon/00000128.jpg,lemon
lemon/00000130.jpg,lemon
lemon/00000131.jpg,lemon
lemon/00000132.jpg,lemon
lemon/00000134.jpg,lemon
lemon/00000133.jpg,lemon
lemon/00000136.jpg,lemon
lemon/00000135.jpg,lemon
lemon/00000137.jpg,lemon
lemon/00000138.jpg,lemon
lemon/00000129.jpg,lemon
lemon/00000139.jpg,lemon
lemon/00000141.jpg,lemon
lemon/00000143.jpg,lemon
lemon/00000144.jpg,lemon
lemon/00000142.jpg,lemon
lemon/00000140.jpg,lemon
lemon/00000146.jpg,lemon
lemon/00000145.jpg,lemon
lemon/00000147.jpg,lemon
lemon/00000148.jpg,lemon
lemon/00000149.jpg,lemon
lemon/00000150.jpg,lemon
lemon/00000151.jpg,lemon
lemon/00000153.jpg,lemon
lemon/00000156.jpg,lemon
lemon/00000155.jpg,lemon
lemon/00000154.jpg,lemon
lemon/00000152.jpg,lemon
lemon/00000157.jpg,lemon
lemon/00000159.jpg,lemon
lemon/00000158.jpg,lemon
lemon/00000163.jpg,lemon
lemon/00000160.jpg,lemon
lemon/00000162.jpg,lemon
lemon/00000161.jpg,lemon
lemon/00000165.jpg,lemon
lemon/00000166.jpg,lemon
lemon/00000164.jpg,lemon
lemon/00000167.jpg,lemon
lemon/00000172.jpg,lemon
lemon/00000171.jpg,lemon
lemon/00000168.jpg,lemon
lemon/00000170.jpg,lemon
lemon/00000169.jpg,lemon
lemon/00000173.jpg,lemon
lemon/00000174.jpg,lemon
lemon/00000175.jpg,lemon
lemon/00000176.jpg,lemon
lemon/00000178.jpg,lemon
lemon/00000177.jpg,lemon
lemon/00000179.jpg,lemon
lemon/00000180.jpg,lemon
lemon/00000181.jpg,lemon
lemon/00000182.jpg,lemon
lemon/00000184.jpg,lemon
lemon/00000183.jpg,lemon
lemon/00000185.jpg,lemon
lemon/00000186.jpg,lemon
lemon/00000187.jpg,lemon
lemon/00000188.jpg,lemon
lemon/00000189.jpg,lemon
lemon/00000191.jpg,lemon
lemon/00000190.jpg,lemon
lemon/00000192.jpg,lemon
lemon/00000193.jpg,lemon
lemon/00000194.jpg,lemon
lemon/00000195.jpg,lemon
lemon/00000196.jpg,lemon
lemon/00000197.jpg,lemon
lemon/00000198.jpg,lemon
lemon/00000201.jpg,lemon
lemon/00000200.jpg,lemon
lemon/00000199.jpg,lemon
lemon/00000202.jpg,lemon
lemon/00000203.jpg,lemon
lemon/00000204.jpg,lemon
lemon/00000206.jpg,lemon
lemon/00000205.jpg,lemon
lemon/00000209.jpg,lemon
lemon/00000207.jpg,lemon
lemon/00000208.jpg,lemon
lemon/00000213.jpg,lemon
lemon/00000210.jpg,lemon
lemon/00000211.jpg,lemon
lemon/00000212.jpg,lemon
lemon/00000214.jpg,lemon
lemon/00000215.jpg,lemon
lemon/00000216.jpg,lemon
lemon/00000222.jpg,lemon
lemon/00000217.jpg,lemon
lemon/00000218.jpg,lemon
lemon/00000220.jpg,lemon
lemon/00000219.jpg,lemon
lemon/00000221.jpg,lemon
lemon/00000224.jpg,lemon
lemon/00000227.jpg,lemon
lemon/00000228.jpg,lemon
lemon/00000226.jpg,lemon
lemon/00000225.jpg,lemon
lemon/00000223.jpg,lemon
lemon/00000229.jpg,lemon
lemon/00000230.jpg,lemon
lemon/00000231.jpg,lemon
lemon/00000236.jpg,lemon
lemon/00000237.jpg,lemon
lemon/00000232.jpg,lemon
lemon/00000234.jpg,lemon
lemon/00000235.jpg,lemon
lemon/00000233.jpg,lemon
lemon/00000238.jpg,lemon
lemon/00000239.jpg,lemon
lemon/00000240.jpg,lemon
lemon/00000245.jpg,lemon
lemon/00000243.jpg,lemon
lemon/00000241.jpg,lemon
lemon/00000242.jpg,lemon
lemon/00000244.jpg,lemon
lemon/00000246.jpg,lemon
lemon/00000248.jpg,lemon
lemon/00000247.jpg,lemon
lemon/00000249.jpg,lemon
lemon/00000250.jpg,lemon
lemon/00000254.jpg,lemon
lemon/00000251.jpg,lemon
lemon/00000253.jpg,lemon
lemon/00000252.jpg,lemon
lemon/00000255.jpg,lemon
lemon/00000256.jpg,lemon
lemon/00000257.jpg,lemon
lemon/00000258.jpg,lemon
lemon/00000259.jpg,lemon
lemon/00000260.jpg,lemon
lemon/00000261.jpg,lemon
lemon/00000263.jpg,lemon
lemon/00000264.jpg,lemon
lemon/00000262.jpg,lemon
lemon/00000265.jpg,lemon
lemon/00000267.jpg,lemon
lemon/00000266.jpg,lemon
lemon/00000268.jpg,lemon
lemon/00000269.jpg,lemon
lemon/00000270.jpg,lemon
lemon/00000273.jpg,lemon
lemon/00000271.jpg,lemon
lemon/00000272.jpg,lemon
lemon/00000274.jpg,lemon
lemon/00000275.jpg,lemon
lemon/00000277.jpg,lemon
lemon/00000276.jpg,lemon
lemon/00000280.jpg,lemon
lemon/00000278.jpg,lemon
lemon/00000279.jpg,lemon
lemon/00000281.jpg,lemon
lemon/00000282.jpg,lemon
lemon/00000283.jpg,lemon
lemon/00000284.jpg,lemon
lemon/00000285.jpg,lemon
lemon/00000287.jpg,lemon
lemon/00000286.jpg,lemon
lemon/00000288.jpg,lemon
lemon/00000289.jpg,lemon
lemon/00000290.jpg,lemon
lemon/00000291.jpg,lemon
lemon/00000292.jpg,lemon
lemon/00000295.jpg,lemon
lemon/00000293.jpg,lemon
lemon/00000294.jpg,lemon
lemon/00000296.jpg,lemon
lemon/00000297.jpg,lemon
lemon/00000298.jpg,lemon
lemon/00000299.jpg,lemon
lemon/00000300.jpg,lemon
lemon/00000301.jpg,lemon
lemon/00000303.jpg,lemon
lemon/00000305.jpg,lemon
lemon/00000304.jpg,lemon
lemon/00000302.jpg,lemon
lemon/00000307.jpg,lemon
lemon/00000306.jpg,lemon
lemon/00000308.jpg,lemon
lemon/00000309.jpg,lemon
lemon/00000310.jpg,lemon
lemon/00000315.jpg,lemon
lemon/00000312.jpg,lemon
lemon/00000311.jpg,lemon
lemon/00000314.jpg,lemon
lemon/00000313.jpg,lemon
lemon/00000316.jpg,lemon
lemon/00000317.jpg,lemon
lemon/00000322.jpg,lemon
lemon/00000324.jpg,lemon
lemon/00000318.jpg,lemon
lemon/00000320.jpg,lemon
lemon/00000319.jpg,lemon
lemon/00000321.jpg,lemon
lemon/00000323.jpg,lemon
lemon/00000329.jpg,lemon
lemon/00000328.jpg,lemon
lemon/00000325.jpg,lemon
lemon/00000326.jpg,lemon
lemon/00000327.jpg,lemon
lemon/00000332.jpg,lemon
lemon/00000331.jpg,lemon
lemon/00000330.jpg,lemon
lemon/00000335.jpg,lemon
lemon/00000333.jpg,lemon
lemon/00000340.jpg,lemon
lemon/00000334.jpg,lemon
lemon/00000337.jpg,lemon
lemon/00000336.jpg,lemon
lemon/00000338.jpg,lemon
lemon/00000339.jpg,lemon
lemon/00000341.jpg,lemon
lemon/00000342.jpg,lemon
lemon/00000343.jpg,lemon
lemon/00000344.jpg,lemon
lemon/00000348.jpg,lemon
lemon/00000346.jpg,lemon
lemon/00000345.jpg,lemon
lemon/00000347.jpg,lemon
lemon/00000349.jpg,lemon
lemon/00000351.jpg,lemon
lemon/00000352.jpg,lemon
lemon/00000353.jpg,lemon
lemon/00000350.jpg,lemon
lemon/00000354.jpg,lemon
lemon/00000356.jpg,lemon
lemon/00000358.jpg,lemon
lemon/00000355.jpg,lemon
lemon/00000357.jpg,lemon
lemon/00000359.jpg,lemon
lemon/00000362.jpg,lemon
lemon/00000361.jpg,lemon
lemon/00000365.jpg,lemon
lemon/00000360.jpg,lemon
lemon/00000366.jpg,lemon
lemon/00000363.jpg,lemon
lemon/00000364.jpg,lemon
lemon/00000368.jpg,lemon
lemon/00000367.jpg,lemon
lemon/00000370.jpg,lemon
lemon/00000369.jpg,lemon
lemon/00000371.jpg,lemon
lemon/00000372.jpg,lemon
lemon/00000375.jpg,lemon
lemon/00000374.jpg,lemon
lemon/00000373.jpg,lemon
lemon/00000376.jpg,lemon
lemon/00000383.jpg,lemon
lemon/00000379.jpg,lemon
lemon/00000382.jpg,lemon
lemon/00000377.jpg,lemon
lemon/00000378.jpg,lemon
lemon/00000380.jpg,lemon
lemon/00000381.jpg,lemon
lemon/00000384.jpg,lemon
lemon/00000385.jpg,lemon
lemon/00000387.jpg,lemon
lemon/00000386.jpg,lemon
lemon/00000388.jpg,lemon
lemon/00000390.jpg,lemon
lemon/00000391.jpg,lemon
lemon/00000393.jpg,lemon
lemon/00000392.jpg,lemon
lemon/00000389.jpg,lemon
lemon/00000394.jpg,lemon
lemon/00000401.jpg,lemon
lemon/00000395.jpg,lemon
lemon/00000396.jpg,lemon
lemon/00000398.jpg,lemon
lemon/00000397.jpg,lemon
lemon/00000399.jpg,lemon
lemon/00000400.jpg,lemon
lemon/00000403.jpg,lemon
lemon/00000402.jpg,lemon
lemon/00000405.jpg,lemon
lemon/00000404.jpg,lemon
lemon/00000406.jpg,lemon
lemon/00000408.jpg,lemon
lemon/00000409.jpg,lemon
lemon/00000410.jpg,lemon
lemon/00000407.jpg,lemon
lemon/00000411.jpg,lemon
lemon/00000416.jpg,lemon
lemon/00000419.jpg,lemon
lemon/00000413.jpg,lemon
lemon/00000412.jpg,lemon
lemon/00000420.jpg,lemon
lemon/00000415.jpg,lemon
lemon/00000417.jpg,lemon
lemon/00000418.jpg,lemon
lemon/00000414.jpg,lemon
lemon/00000421.jpg,lemon
lemon/00000422.jpg,lemon
lemon/00000423.jpg,lemon
lemon/00000426.jpg,lemon
lemon/00000427.jpg,lemon
lemon/00000424.jpg,lemon
lemon/00000425.jpg,lemon
lemon/00000428.jpg,lemon
lemon/00000429.jpg,lemon
lemon/00000432.jpg,lemon
lemon/00000431.jpg,lemon
lemon/00000430.jpg,lemon
lemon/00000433.jpg,lemon
lemon/00000434.jpg,lemon
lemon/00000437.jpg,lemon
lemon/00000435.jpg,lemon
lemon/00000438.jpg,lemon
lemon/00000439.jpg,lemon
lemon/00000436.jpg,lemon
lemon/00000440.jpg,lemon
lemon/00000441.jpg,lemon
lemon/00000442.jpg,lemon
lemon/00000443.jpg,lemon
lemon/00000445.jpg,lemon
lemon/00000444.jpg,lemon
lemon/00000450.jpg,lemon
lemon/00000446.jpg,lemon
lemon/00000448.jpg,lemon
lemon/00000447.jpg,lemon
lemon/00000449.jpg,lemon
lemon/00000451.jpg,lemon
lemon/00000453.jpg,lemon
lemon/00000452.jpg,lemon
lemon/00000454.jpg,lemon
lemon/00000455.jpg,lemon
lemon/00000456.jpg,lemon
lemon/00000457.jpg,lemon
lemon/00000459.jpg,lemon
lemon/00000458.jpg,lemon
lemon/00000460.jpg,lemon
lemon/00000461.jpg,lemon
lemon/00000462.jpg,lemon
lemon/00000463.jpg,lemon
lemon/00000466.jpg,lemon
lemon/00000465.jpg,lemon
lemon/00000467.jpg,lemon
lemon/00000464.jpg,lemon
lemon/00000468.jpg,lemon
lemon/00000469.jpg,lemon
lemon/00000472.jpg,lemon
lemon/00000470.jpg,lemon
lemon/00000471.jpg,lemon
lemon/00000473.jpg,lemon
lemon/00000474.jpg,lemon
lemon/00000475.jpg,lemon
lemon/00000476.jpg,lemon
lemon/00000477.jpg,lemon
lemon/00000484.jpg,lemon
lemon/00000485.jpg,lemon
lemon/00000478.jpg,lemon
lemon/00000480.jpg,lemon
lemon/00000479.jpg,lemon
lemon/00000483.jpg,lemon
lemon/00000482.jpg,lemon
lemon/00000481.jpg,lemon
lemon/00000487.jpg,lemon
lemon/00000486.jpg,lemon
lemon/00000489.jpg,lemon
lemon/00000490.jpg,lemon
lemon/00000488.jpg,lemon
lemon/00000493.jpg,lemon
lemon/00000492.jpg,lemon
lemon/00000491.jpg,lemon
lemon/00000495.jpg,lemon
lemon/00000494.jpg,lemon
lemon/00000496.jpg,lemon
lemon/00000498.jpg,lemon
lemon/00000497.jpg,lemon
lemon/00000499.jpg,lemon
orange/00000000.jpg,orange
orange/00000001.jpg,orange
orange/00000007.jpg,orange
orange/00000005.jpg,orange
orange/00000002.jpg,orange
orange/00000006.jpg,orange
orange/00000003.jpg,orange
orange/00000004.jpg,orange
orange/00000008.jpg,orange
orange/00000009.jpg,orange
orange/00000014.jpg,orange
orange/00000010.jpg,orange
orange/00000012.jpg,orange
orange/00000013.jpg,orange
orange/00000011.jpg,orange
orange/00000015.jpg,orange
orange/00000018.jpg,orange
orange/00000017.jpg,orange
orange/00000019.jpg,orange
orange/00000016.jpg,orange
orange/00000020.jpg,orange
orange/00000021.jpg,orange
orange/00000022.jpg,orange
orange/00000023.jpg,orange
orange/00000025.jpg,orange
orange/00000030.jpg,orange
orange/00000024.jpg,orange
orange/00000032.jpg,orange
orange/00000026.jpg,orange
orange/00000027.jpg,orange
orange/00000028.jpg,orange
orange/00000031.jpg,orange
orange/00000029.jpg,orange
orange/00000034.jpg,orange
orange/00000033.jpg,orange
orange/00000036.jpg,orange
orange/00000035.jpg,orange
orange/00000039.jpg,orange
orange/00000038.jpg,orange
orange/00000041.jpg,orange
orange/00000040.jpg,orange
orange/00000037.jpg,orange
orange/00000043.jpg,orange
orange/00000042.jpg,orange
orange/00000044.jpg,orange
orange/00000049.jpg,orange
orange/00000048.jpg,orange
orange/00000046.jpg,orange
orange/00000047.jpg,orange
orange/00000045.jpg,orange
orange/00000050.jpg,orange
orange/00000052.jpg,orange
orange/00000051.jpg,orange
orange/00000053.jpg,orange
orange/00000058.jpg,orange
orange/00000055.jpg,orange
orange/00000054.jpg,orange
orange/00000057.jpg,orange
orange/00000056.jpg,orange
orange/00000059.jpg,orange
orange/00000060.jpg,orange
orange/00000061.jpg,orange
orange/00000062.jpg,orange
orange/00000064.jpg,orange
orange/00000065.jpg,orange
orange/00000067.jpg,orange
orange/00000069.jpg,orange
orange/00000068.jpg,orange
orange/00000063.jpg,orange
orange/00000066.jpg,orange
orange/00000070.jpg,orange
orange/00000071.jpg,orange
orange/00000072.jpg,orange
orange/00000075.jpg,orange
orange/00000077.jpg,orange
orange/00000073.jpg,orange
orange/00000079.jpg,orange
orange/00000074.jpg,orange
orange/00000076.jpg,orange
orange/00000078.jpg,orange
orange/00000080.jpg,orange
orange/00000081.jpg,orange
orange/00000082.jpg,orange
orange/00000085.jpg,orange
orange/00000084.jpg,orange
orange/00000083.jpg,orange
orange/00000089.jpg,orange
orange/00000087.jpg,orange
orange/00000088.jpg,orange
orange/00000086.jpg,orange
orange/00000090.jpg,orange
orange/00000091.jpg,orange
orange/00000092.jpg,orange
orange/00000099.jpg,orange
orange/00000098.jpg,orange
orange/00000095.jpg,orange
orange/00000093.jpg,orange
orange/00000094.jpg,orange
orange/00000096.jpg,orange
orange/00000097.jpg,orange
orange/00000100.jpg,orange
orange/00000102.jpg,orange
orange/00000101.jpg,orange
orange/00000105.jpg,orange
orange/00000106.jpg,orange
orange/00000104.jpg,orange
orange/00000107.jpg,orange
orange/00000103.jpg,orange
orange/00000108.jpg,orange
orange/00000109.jpg,orange
orange/00000110.jpg,orange
orange/00000113.jpg,orange
orange/00000116.jpg,orange
orange/00000114.jpg,orange
orange/00000112.jpg,orange
orange/00000118.jpg,orange
orange/00000115.jpg,orange
orange/00000111.jpg,orange
orange/00000117.jpg,orange
orange/00000120.jpg,orange
orange/00000119.jpg,orange
orange/00000123.jpg,orange
orange/00000124.jpg,orange
orange/00000122.jpg,orange
orange/00000121.jpg,orange
orange/00000125.jpg,orange
orange/00000126.jpg,orange
orange/00000127.jpg,orange
orange/00000128.jpg,orange
orange/00000130.jpg,orange
orange/00000129.jpg,orange
orange/00000131.jpg,orange
orange/00000133.jpg,orange
orange/00000135.jpg,orange
orange/00000132.jpg,orange
orange/00000136.jpg,orange
orange/00000134.jpg,orange
orange/00000139.jpg,orange
orange/00000138.jpg,orange
orange/00000137.jpg,orange
orange/00000142.jpg,orange
orange/00000140.jpg,orange
orange/00000141.jpg,orange
orange/00000143.jpg,orange
orange/00000144.jpg,orange
orange/00000146.jpg,orange
orange/00000145.jpg,orange
orange/00000147.jpg,orange
orange/00000148.jpg,orange
orange/00000149.jpg,orange
orange/00000150.jpg,orange
orange/00000151.jpg,orange
orange/00000152.jpg,orange
orange/00000153.jpg,orange
orange/00000154.jpg,orange
orange/00000155.jpg,orange
orange/00000156.jpg,orange
orange/00000158.jpg,orange
orange/00000157.jpg,orange
orange/00000159.jpg,orange
orange/00000162.jpg,orange
orange/00000160.jpg,orange
orange/00000161.jpg,orange
orange/00000163.jpg,orange
orange/00000164.jpg,orange
orange/00000166.jpg,orange
orange/00000165.jpg,orange
orange/00000167.jpg,orange
orange/00000168.jpg,orange
orange/00000169.jpg,orange
orange/00000175.jpg,orange
orange/00000170.jpg,orange
orange/00000173.jpg,orange
orange/00000172.jpg,orange
orange/00000171.jpg,orange
orange/00000176.jpg,orange
orange/00000174.jpg,orange
orange/00000177.jpg,orange
orange/00000180.jpg,orange
orange/00000181.jpg,orange
orange/00000178.jpg,orange
orange/00000179.jpg,orange
orange/00000184.jpg,orange
orange/00000182.jpg,orange
orange/00000185.jpg,orange
orange/00000183.jpg,orange
orange/00000187.jpg,orange
orange/00000186.jpg,orange
orange/00000188.jpg,orange
orange/00000191.jpg,orange
orange/00000189.jpg,orange
orange/00000193.jpg,orange
orange/00000190.jpg,orange
orange/00000192.jpg,orange
orange/00000194.jpg,orange
orange/00000195.jpg,orange
orange/00000196.jpg,orange
orange/00000197.jpg,orange
orange/00000199.jpg,orange
orange/00000202.jpg,orange
orange/00000198.jpg,orange
orange/00000201.jpg,orange
orange/00000203.jpg,orange
orange/00000206.jpg,orange
orange/00000205.jpg,orange
orange/00000204.jpg,orange
orange/00000209.jpg,orange
orange/00000207.jpg,orange
orange/00000208.jpg,orange
orange/00000211.jpg,orange
orange/00000210.jpg,orange
orange/00000212.jpg,orange
orange/00000213.jpg,orange
orange/00000215.jpg,orange
orange/00000216.jpg,orange
orange/00000217.jpg,orange
orange/00000214.jpg,orange
orange/00000219.jpg,orange
orange/00000218.jpg,orange
orange/00000220.jpg,orange
orange/00000221.jpg,orange
orange/00000229.jpg,orange
orange/00000226.jpg,orange
orange/00000223.jpg,orange
orange/00000224.jpg,orange
orange/00000225.jpg,orange
orange/00000228.jpg,orange
orange/00000227.jpg,orange
orange/00000230.jpg,orange
orange/00000231.jpg,orange
orange/00000232.jpg,orange
orange/00000233.jpg,orange
orange/00000236.jpg,orange
orange/00000234.jpg,orange
orange/00000235.jpg,orange
orange/00000237.jpg,orange
orange/00000238.jpg,orange
orange/00000239.jpg,orange
orange/00000240.jpg,orange
orange/00000243.jpg,orange
orange/00000244.jpg,orange
orange/00000242.jpg,orange
orange/00000241.jpg,orange
orange/00000247.jpg,orange
orange/00000246.jpg,orange
orange/00000245.jpg,orange
orange/00000248.jpg,orange
orange/00000249.jpg,orange
orange/00000251.jpg,orange
orange/00000252.jpg,orange
orange/00000254.jpg,orange
orange/00000253.jpg,orange
orange/00000256.jpg,orange
orange/00000255.jpg,orange
orange/00000257.jpg,orange
orange/00000258.jpg,orange
orange/00000259.jpg,orange
orange/00000261.jpg,orange
orange/00000260.jpg,orange
orange/00000263.jpg,orange
orange/00000262.jpg,orange
orange/00000264.jpg,orange
orange/00000265.jpg,orange
orange/00000272.jpg,orange
orange/00000271.jpg,orange
orange/00000269.jpg,orange
orange/00000267.jpg,orange
orange/00000270.jpg,orange
orange/00000268.jpg,orange
orange/00000273.jpg,orange
orange/00000274.jpg,orange
orange/00000275.jpg,orange
orange/00000278.jpg,orange
orange/00000277.jpg,orange
orange/00000279.jpg,orange
orange/00000280.jpg,orange
orange/00000281.jpg,orange
orange/00000282.jpg,orange
orange/00000283.jpg,orange
orange/00000285.jpg,orange
orange/00000286.jpg,orange
orange/00000287.jpg,orange
orange/00000288.jpg,orange
orange/00000290.jpg,orange
orange/00000289.jpg,orange
orange/00000291.jpg,orange
orange/00000292.jpg,orange
orange/00000294.jpg,orange
orange/00000293.jpg,orange
orange/00000295.jpg,orange
orange/00000296.jpg,orange
orange/00000298.jpg,orange
orange/00000299.jpg,orange
orange/00000301.jpg,orange
orange/00000302.jpg,orange
orange/00000300.jpg,orange
orange/00000303.jpg,orange
orange/00000304.jpg,orange
orange/00000305.jpg,orange
orange/00000306.jpg,orange
orange/00000307.jpg,orange
orange/00000311.jpg,orange
orange/00000308.jpg,orange
orange/00000310.jpg,orange
orange/00000309.jpg,orange
orange/00000313.jpg,orange
orange/00000312.jpg,orange
orange/00000315.jpg,orange
orange/00000314.jpg,orange
orange/00000316.jpg,orange
orange/00000317.jpg,orange
orange/00000320.jpg,orange
orange/00000319.jpg,orange
orange/00000318.jpg,orange
orange/00000321.jpg,orange
orange/00000323.jpg,orange
orange/00000322.jpg,orange
orange/00000324.jpg,orange
orange/00000325.jpg,orange
orange/00000327.jpg,orange
orange/00000326.jpg,orange
orange/00000328.jpg,orange
orange/00000329.jpg,orange
orange/00000330.jpg,orange
orange/00000332.jpg,orange
orange/00000331.jpg,orange
orange/00000334.jpg,orange
orange/00000333.jpg,orange
orange/00000335.jpg,orange
orange/00000338.jpg,orange
orange/00000337.jpg,orange
orange/00000340.jpg,orange
orange/00000336.jpg,orange
orange/00000339.jpg,orange
orange/00000341.jpg,orange
orange/00000342.jpg,orange
orange/00000343.jpg,orange
orange/00000344.jpg,orange
orange/00000346.jpg,orange
orange/00000345.jpg,orange
orange/00000347.jpg,orange
orange/00000348.jpg,orange
orange/00000350.jpg,orange
orange/00000349.jpg,orange
orange/00000351.jpg,orange
orange/00000353.jpg,orange
orange/00000352.jpg,orange
orange/00000354.jpg,orange
orange/00000356.jpg,orange
orange/00000357.jpg,orange
orange/00000355.jpg,orange
orange/00000359.jpg,orange
orange/00000360.jpg,orange
orange/00000362.jpg,orange
orange/00000361.jpg,orange
orange/00000363.jpg,orange
orange/00000366.jpg,orange
orange/00000365.jpg,orange
orange/00000367.jpg,orange
orange/00000368.jpg,orange
orange/00000369.jpg,orange
orange/00000370.jpg,orange
orange/00000372.jpg,orange
orange/00000371.jpg,orange
orange/00000374.jpg,orange
orange/00000375.jpg,orange
orange/00000373.jpg,orange
orange/00000377.jpg,orange
orange/00000376.jpg,orange
orange/00000379.jpg,orange
orange/00000382.jpg,orange
orange/00000381.jpg,orange
orange/00000383.jpg,orange
orange/00000378.jpg,orange
orange/00000384.jpg,orange
orange/00000380.jpg,orange
orange/00000385.jpg,orange
orange/00000387.jpg,orange
orange/00000386.jpg,orange
orange/00000393.jpg,orange
orange/00000392.jpg,orange
orange/00000388.jpg,orange
orange/00000390.jpg,orange
orange/00000389.jpg,orange
orange/00000391.jpg,orange
orange/00000394.jpg,orange
orange/00000395.jpg,orange
orange/00000401.jpg,orange
orange/00000403.jpg,orange
orange/00000402.jpg,orange
orange/00000398.jpg,orange
orange/00000399.jpg,orange
orange/00000397.jpg,orange
orange/00000400.jpg,orange
orange/00000396.jpg,orange
orange/00000404.jpg,orange
orange/00000406.jpg,orange
orange/00000405.jpg,orange
orange/00000408.jpg,orange
orange/00000407.jpg,orange
orange/00000410.jpg,orange
orange/00000409.jpg,orange
orange/00000411.jpg,orange
orange/00000412.jpg,orange
orange/00000413.jpg,orange
orange/00000414.jpg,orange
orange/00000415.jpg,orange
orange/00000416.jpg,orange
orange/00000417.jpg,orange
orange/00000418.jpg,orange
orange/00000419.jpg,orange
orange/00000421.jpg,orange
orange/00000420.jpg,orange
orange/00000423.jpg,orange
orange/00000424.jpg,orange
orange/00000428.jpg,orange
orange/00000426.jpg,orange
orange/00000425.jpg,orange
orange/00000427.jpg,orange
orange/00000429.jpg,orange
orange/00000422.jpg,orange
orange/00000432.jpg,orange
orange/00000431.jpg,orange
orange/00000433.jpg,orange
orange/00000434.jpg,orange
orange/00000430.jpg,orange
orange/00000436.jpg,orange
orange/00000435.jpg,orange
orange/00000438.jpg,orange
orange/00000437.jpg,orange
orange/00000439.jpg,orange
orange/00000440.jpg,orange
orange/00000442.jpg,orange
orange/00000441.jpg,orange
orange/00000443.jpg,orange
orange/00000444.jpg,orange
orange/00000445.jpg,orange
orange/00000446.jpg,orange
orange/00000450.jpg,orange
orange/00000447.jpg,orange
orange/00000448.jpg,orange
orange/00000449.jpg,orange
orange/00000451.jpg,orange
orange/00000452.jpg,orange
orange/00000454.jpg,orange
orange/00000453.jpg,orange
orange/00000456.jpg,orange
orange/00000458.jpg,orange
orange/00000455.jpg,orange
orange/00000457.jpg,orange
orange/00000460.jpg,orange
orange/00000459.jpg,orange
orange/00000461.jpg,orange
orange/00000462.jpg,orange
orange/00000469.jpg,orange
orange/00000468.jpg,orange
orange/00000470.jpg,orange
orange/00000463.jpg,orange
orange/00000464.jpg,orange
orange/00000467.jpg,orange
orange/00000465.jpg,orange
orange/00000466.jpg,orange
orange/00000471.jpg,orange
orange/00000472.jpg,orange
orange/00000473.jpg,orange
orange/00000476.jpg,orange
orange/00000475.jpg,orange
orange/00000474.jpg,orange
orange/00000479.jpg,orange
orange/00000477.jpg,orange
orange/00000480.jpg,orange
orange/00000478.jpg,orange
orange/00000481.jpg,orange
orange/00000482.jpg,orange
orange/00000485.jpg,orange
orange/00000484.jpg,orange
orange/00000483.jpg,orange
orange/00000487.jpg,orange
orange/00000486.jpg,orange
orange/00000488.jpg,orange
orange/00000489.jpg,orange
orange/00000492.jpg,orange
orange/00000493.jpg,orange
orange/00000494.jpg,orange
orange/00000491.jpg,orange
orange/00000490.jpg,orange
orange/00000495.jpg,orange
orange/00000496.jpg,orange
orange/00000497.jpg,orange
orange/00000498.jpg,orange
orange/00000499.jpg,orange
